type,status,link,pages_count,example_source_page,redirects_to
internal_broken,404,https://arcadia-tour.com/cdn-cgi/l/email-protection,90,https://arcadia-tour.com/,
internal_broken,404,https://arcadia-tour.com/?p=528,31,https://arcadia-tour.com/أهم-المهرجانات-في-كازاخستان-وروسيا-2/,
internal_broken,404,https://arcadia-tour.com/?page_id=596,13,https://arcadia-tour.com/أوزبكستان-جوهرة-آسيا-الوسطى-التي-تجمع/,
internal_broken,404,https://arcadia-tour.com/kazakhstan-family-children-trip/,9,https://arcadia-tour.com/الثقافة-والتقاليد-في-كازاخستان-ما-يجب/,
internal_broken,404,https://arcadia-tour.com/السياحه-في-اوكرانيا/,5,https://arcadia-tour.com/أفضل-ما-في-أوكرانيا-لعام-2025/,
internal_broken,404,https://arcadia-tour.com/kolsai-lake-day-trip/,5,https://arcadia-tour.com/تجارب-لا-ت-نسى-أنشطة-مميزة-عند-السياحة-ف/,
internal_broken,404,https://arcadia-tour.com/mountain-resorts-south-poland/,5,https://arcadia-tour.com/أجمل-10-فنادق-وأكواخ-للإقامة-في-بولندا/,
internal_broken,404,https://arcadia-tour.com/السياحه-في-اوكرانيا,4,https://arcadia-tour.com/كل-ما-تريد-معرفته-عن-السياحة-في-اوكراني/,
internal_redirect,200,https://arcadia-tour.com/en/tourism-in-moscow-10-places-to-visit-in-moscow/,257,https://arcadia-tour.com/السياحة-في-روسيا/موسكو/,https://arcadia-tour.com/en/learn-about-the-10-best-tourist-places-in-moscow-russia/
internal_redirect,200,https://arcadia-tour.com/en/,13,https://arcadia-tour.com/en/almaty-guide-en/,https://arcadia-tour.com/en/home/
internal_redirect,200,https://arcadia-tour.com/kazakhstan-7-days-2/,13,https://arcadia-tour.com/السياحة-في-كازاخستان-المسافرون-العرب/,https://arcadia-tour.com/السياحة-في-كازاخستان/kazakhstan-7-days-2/
internal_redirect,200,https://arcadia-tour.com/السياحة-في-كازاخستان/المدن-في-كازاخستان-تعرف-على-أهم-9-مدن-سياحية/,13,https://arcadia-tour.com/الدراسة-في-كازاخستان-دليلك-الشامل-لأف/,https://arcadia-tour.com/السياحة-في-كازاخستان/المدن-في-كازاخستان-تعرف-على-أهم-9-مدن-سي/
internal_redirect,200,https://arcadia-tour.com/rss.xml,10,https://arcadia-tour.com/السياحة-في-أوكرانيا/السياحة-في-كييف-وأهم-معالمها/,https://arcadia-tour.com/feed/
internal_redirect,200,https://arcadia-tour.com/russia-7-days/,9,https://arcadia-tour.com/تكلفة-السياحة-في-روسيا-الميزانية-اليو/,https://arcadia-tour.com/السياحة-في-روسيا/russia-7-days/
internal_redirect,200,https://arcadia-tour.com/العروض-والحجوزات/برامج-سياحيه-في-روسيا,8,https://arcadia-tour.com/السياحة-في-روسيا/المدن-في-روسيا/,https://arcadia-tour.com/offers-bookings/
internal_redirect,200,https://arcadia-tour.com/العروض-والحجوزات/برامج-سياحيه-في-كزاخستان/,7,https://arcadia-tour.com/السياحة-في-روسيا/رحلات-جماعية-روسيا/,https://arcadia-tour.com/offers-bookings/
internal_redirect,200,https://arcadia-tour.com/en/why-choose-tourism-in-uzbekistan-en/,6,https://arcadia-tour.com/en/khiva-city-of-preserved-history-a-journey-through-time-in-the-heart-of-uzbekista/,https://arcadia-tour.com/en/why-choose-tourism-in-uzbekistan/
internal_redirect,200,https://arcadia-tour.com/warsaw-halal-restaurants-arabs-2/,4,https://arcadia-tour.com/gdansk-poland-tourism/,https://arcadia-tour.com/warsaw-halal-restaurants-arabs/
internal_redirect,200,https://arcadia-tour.com/العروض-والحجوزات,4,https://arcadia-tour.com/,https://arcadia-tour.com/offers-bookings/
internal_redirect,200,https://arcadia-tour.com/مهرجانات-أوزبكستان-2026/,4,https://arcadia-tour.com/en/distinctive-tourist-trips-to-uzbekistan-2026-arcadia-tourist/,https://arcadia-tour.com/مهرجانات-أوزبكستان-2026-أبرز-الفعاليات-ا/
internal_redirect,200,https://arcadia-tour.com/أهم-10-معالم-سياحية-في-كازاخستان/,3,https://arcadia-tour.com/best-hotels-almaty-2026/,https://arcadia-tour.com/السياحة-في-كازاخستان/المدن-في-كازاخستان-تعرف-على-أهم-9-مدن-سي/
internal_redirect,200,https://arcadia-tour.com/الخدمات-1/برامج-سياحيه-في-بولندا,2,https://arcadia-tour.com/en/poland-tourism-cost-guide-discover-8-unexpected-saving-tricks/,https://arcadia-tour.com/السياحة-في-بولندا/برامج-سياحيه-في-بولندا/
internal_redirect,200,https://arcadia-tour.com/الخدمات/d8-a7-d9-84-d9-81-d9-8a-d8-b2-d8-a7-d8-a7-d9-84-d9-89-d8-b1-d9-88-d8-b3-d9-8a-d8-a7,2,https://arcadia-tour.com/en/the-cost-of-tourism-in-russia-with-arcadia-company-surprising-prices/,https://arcadia-tour.com/السياحة-في-روسيا/تأشيرة-روسيا/
internal_redirect,200,https://arcadia-tour.com/الخدمات/d8-aa-d9-86-d8-b8-d9-8a-d9-85-d8-a7-d9-84-d8-b1-d8-ad-d9-84-d8-a7-d8-aa-d8-a7-d9-84-d8-ac-d9-85-d8-a7-d8-b9-d9-8a-d8-a9-d9-88-d8-a7-d9-84-d9-82-d8-b1-d9-88-d8-a8-d8-a7-d8-aa-d8-a7-d9-84-d8-b3-d9-8a-d8-a7-d8-ad-d9-8a-d9-87-d8-a7-d9-84-d9-89-d8-b1-d9-88-d8-b3-d9-8a-d8-a7,2,https://arcadia-tour.com/en/the-cost-of-tourism-in-russia-with-arcadia-company-surprising-prices/,https://arcadia-tour.com/السياحة-في-روسيا/russia-10-days/
internal_redirect,200,https://arcadia-tour.com/السياحة-في-كازاخستان/السياحة-في-كازاخستان,2,https://arcadia-tour.com/السياحة-في-كازاخستان/السياحة-في-كازاخستان-في-الشتاء-مع-أجوا/,https://arcadia-tour.com/السياحة-في-كازاخستان/
internal_redirect,200,https://arcadia-tour.com/السياحة-في-كازاخستان/السياحة-في-كازاخستان/,2,https://arcadia-tour.com/السياحة-في-كازاخستان/معلومات-ونصائح-كازاخستان/,https://arcadia-tour.com/السياحة-في-كازاخستان/
internal_redirect,200,https://arcadia-tour.com/السياحه-في-بولندا,2,https://arcadia-tour.com/en/an-enjoyable-tour-of-the-most-famous-tourist-places-in-poland/,https://arcadia-tour.com/السياحة-في-بولندا/
internal_redirect,200,https://arcadia-tour.com/العروض-والحجوزات,2,https://arcadia-tour.com/السياحة-في-بولندا/بولندا/,https://arcadia-tour.com/offers-bookings/
internal_redirect,200,https://arcadia-tour.com/العروض-والحجوزات/,2,https://arcadia-tour.com/السياحة-في-أوكرانيا/الأنشطة-في-أوكرانيا/,https://arcadia-tour.com/offers-bookings/
internal_redirect,200,https://arcadia-tour.com/العروض-والحجوزات/برامج-سياحيه-في-روسيا/,2,https://arcadia-tour.com/السياحة-في-روسيا/عروض-السياحة-في-روسيا/,https://arcadia-tour.com/offers-bookings/
internal_redirect,200,https://arcadia-tour.com/مميزات-وعيوب-السياحة-في-بولندا-المساف/,2,https://arcadia-tour.com/السياحة-في-بولندا/بولندا/,https://arcadia-tour.com/poland-guide/
internal_redirect,200,https://arcadia-tour.com/السياحة-في-روسيا-1/,2,https://arcadia-tour.com/en/offers-and-reservations/,https://arcadia-tour.com/السياحة-في-روسيا/
internal_redirect,200,https://arcadia-tour.com/المدن-الأوكرانيه/,2,https://arcadia-tour.com/السياحة-في-أوكرانيا/السياحة-في-كييف-وأهم-معالمها/,https://arcadia-tour.com/السياحة-في-أوكرانيا/المدن-الأوكرانيه/
internal_redirect,200,https://arcadia-tour.com/تكلفة-السياحة-في-كازاخستان/,2,https://arcadia-tour.com/best-hotels-almaty-2026/,https://arcadia-tour.com/kazakhstan-family-trip-cost-2026/
internal_redirect,200,https://arcadia-tour.com/حلويات-للتصدير-من-أوكرانيا/,2,https://arcadia-tour.com/المنتجات-الغذائية-الأوكرانية/,https://arcadia-tour.com/السياحة-في-أوكرانيا/حلويات-للتصدير-من-أوكرانيا/
internal_redirect,200,https://arcadia-tour.com/السياحة-في-أوزبكستان,2,https://arcadia-tour.com/,https://arcadia-tour.com/السياحة-في-أوزبكستان/
internal_redirect,200,https://arcadia-tour.com/السياحة-في-بولندا,2,https://arcadia-tour.com/,https://arcadia-tour.com/السياحة-في-بولندا/
internal_redirect,200,https://arcadia-tour.com/السياحة-في-روسيا/الفيزا-الى-روسيا/,2,https://arcadia-tour.com/en/the-cost-of-tourism-in-russia-with-arcadia-company-surprising-prices/,https://arcadia-tour.com/السياحة-في-روسيا/تأشيرة-روسيا/
internal_redirect,200,https://arcadia-tour.com/السياحة-في-كازاخستان,2,https://arcadia-tour.com/,https://arcadia-tour.com/السياحة-في-كازاخستان/
internal_redirect,200,https://www.arcadia-tour.com/العروض-والحجوزات/برامج-سياحيه-في-روسيا,2,https://arcadia-tour.com/السياحة-في-روسيا/دليل-السياحة-في-روسيا/,https://arcadia-tour.com/offers-bookings/
internal_redirect,200,https://arcadia-tour.com/الخدمات-1/العروض-السياحيه-بولندا,1,https://arcadia-tour.com/en/an-enjoyable-tour-of-the-most-famous-tourist-places-in-poland/,https://arcadia-tour.com/السياحة-في-بولندا/العروض-السياحيه-بولندا/
internal_redirect,200,https://arcadia-tour.com/الخدمات-1/الفيزا-او-التاشيره-الى-بولندا,1,https://arcadia-tour.com/en/poland-tourism-cost-guide-discover-8-unexpected-saving-tricks/,https://arcadia-tour.com/السياحة-في-بولندا/الفيزا-او-التاشيره-الى-بولندا/
internal_redirect,200,https://arcadia-tour.com/الخدمات-1/المدن-في-بولندا,1,https://arcadia-tour.com/en/tourism-in-poland-arab-travelers/,https://arcadia-tour.com/السياحة-في-بولندا/المدن-في-بولندا/
internal_redirect,200,https://arcadia-tour.com/الخدمات/d8-a7-d9-84-d8-b9-d8-b1-d9-88-d8-b6-d8-a7-d9-84-d8-b3-d9-8a-d8-a7-d8-ad-d9-8a-d9-87-d8-b1-d9-88-d8-b3-d9-8a-d8-a7,1,https://arcadia-tour.com/en/tourism-guide-in-russia-arab-travelers-discover-the-beauty-of-russia/,https://arcadia-tour.com/السياحة-في-روسيا/russia-10-days/
internal_redirect,200,https://arcadia-tour.com/السياحة-في-أوزبكستان/why-travel-to-uzbekistan/,1,https://arcadia-tour.com/en/tourism-in-uzbekistan-with-arcadia-tourism-company-distinctive-trips-2026/,https://arcadia-tour.com/why-travel-to-uzbekistan/
internal_redirect,200,https://arcadia-tour.com/السياحة-في-روسيا/russia-info,1,https://arcadia-tour.com/السياحة-في-روسيا/المدن-في-روسيا/,https://arcadia-tour.com/السياحة-في-روسيا/russia-info/
internal_redirect,200,https://arcadia-tour.com/السياحة-في-كازاخستان/الأنشطة-السياحية-في-كازاخستان/,1,https://arcadia-tour.com/السياحة-في-كازاخستان/السياحة-في-كازاخستان-في-الشتاء-مع-أجوا/,https://arcadia-tour.com/السياحة-في-كازاخستان/المدن-في-كازاخستان-تعرف-على-أهم-9-مدن-سي/
internal_redirect,200,https://arcadia-tour.com/الدراسة-في-كازاخستان-دليلك-الشامل-لأف,1,https://arcadia-tour.com/السياحة-في-كازاخستان/,https://arcadia-tour.com/الدراسة-في-كازاخستان-دليلك-الشامل-لأف/
internal_redirect,200,https://arcadia-tour.com/السياحة-في-أوكرانيا/السياحة-في-أوكرانيا-2/,1,https://arcadia-tour.com/السياحة-في-أوكرانيا/,https://arcadia-tour.com/السياحة-في-أوكرانيا/
internal_redirect,200,https://arcadia-tour.com/العروض-والحجوزات/,1,https://arcadia-tour.com/السياحة-في-أوكرانيا/,https://arcadia-tour.com/offers-bookings/
internal_redirect,200,https://arcadia-tour.com/برامج-سياحيه-في-كزاخستان/,1,https://arcadia-tour.com/en/offers-and-reservations/,https://arcadia-tour.com/السياحة-في-كازاخستان/
internal_redirect,200,https://arcadia-tour.com/almaty-guide-en/,1,https://arcadia-tour.com/en/destinations-en/,https://arcadia-tour.com/en/almaty-guide-en/
internal_redirect,200,https://arcadia-tour.com/canton-fair-135-guide-en/,1,https://arcadia-tour.com/en/yiwu-market-guide-en/,https://arcadia-tour.com/en/canton-fair-135-guide-en/
internal_redirect,200,https://arcadia-tour.com/china-business-hub-en/,1,https://arcadia-tour.com/en/china-sourcing-en/,https://arcadia-tour.com/en/china-business-hub-en/
internal_redirect,200,https://arcadia-tour.com/china-main,1,https://arcadia-tour.com/,https://arcadia-tour.com/china-main/
internal_redirect,200,https://arcadia-tour.com/china-main-en/,1,https://arcadia-tour.com/en/destinations-en/,https://arcadia-tour.com/en/china-main-en/
internal_redirect,200,https://arcadia-tour.com/en/organizing-group-trips-and-tourist-groups-to-poland-en/,1,https://arcadia-tour.com/en/tourism-in-poland/,https://arcadia-tour.com/en/organizing-group-trips-and-tourist-groups-to-poland/
internal_redirect,200,https://arcadia-tour.com/en/tourism-with-a-european-taste-in-the-winter-of-krakow-and-zakopane-en/,1,https://arcadia-tour.com/en/tourism-in-poland/,https://arcadia-tour.com/en/tourism-with-a-european-taste-in-the-winter-of-krakow-and-zakopane/
internal_redirect,200,https://arcadia-tour.com/guangzhou-guide-en/,1,https://arcadia-tour.com/en/destinations-en/,https://arcadia-tour.com/en/guangzhou-guide-en/
internal_redirect,200,https://arcadia-tour.com/moscow-guide-en/,1,https://arcadia-tour.com/en/destinations-en/,https://arcadia-tour.com/en/moscow-guide-en/
internal_redirect,200,https://arcadia-tour.com/poland-guide-en/,1,https://arcadia-tour.com/en/destinations-en/,https://arcadia-tour.com/en/poland-guide-en/
internal_redirect,200,https://arcadia-tour.com/russia-10-days/,1,https://arcadia-tour.com/en/offers-and-reservations/,https://arcadia-tour.com/السياحة-في-روسيا/russia-10-days/
internal_redirect,200,https://arcadia-tour.com/saint-petersburg-guide-en/,1,https://arcadia-tour.com/en/destinations-en/,https://arcadia-tour.com/en/saint-petersburg-guide-en/
internal_redirect,200,https://arcadia-tour.com/sourcing-accessories-en/,1,https://arcadia-tour.com/en/china-sourcing-en/,https://arcadia-tour.com/en/sourcing-accessories-en/
internal_redirect,200,https://arcadia-tour.com/sourcing-auto-parts-en/,1,https://arcadia-tour.com/en/china-sourcing-en/,https://arcadia-tour.com/en/sourcing-auto-parts-en/
internal_redirect,200,https://arcadia-tour.com/sourcing-home-appliances-en/,1,https://arcadia-tour.com/en/china-sourcing-en/,https://arcadia-tour.com/en/sourcing-home-appliances-en/
internal_redirect,200,https://arcadia-tour.com/السياحة-في-أوزبكستان-1/uzbekistan,1,https://arcadia-tour.com/السياحة-في-أوزبكستان/,https://arcadia-tour.com/السياحة-في-أوزبكستان/uzbekistan/
internal_redirect,200,https://arcadia-tour.com/السياحة-في-أوزبكستان-1/why-travel-to-uzbekistan,1,https://arcadia-tour.com/السياحة-في-أوزبكستان/,https://arcadia-tour.com/why-travel-to-uzbekistan/
internal_redirect,200,https://arcadia-tour.com/السياحة-في-أوزبكستان-1/أهم-المدن-السياحية-في-أوزبكستان,1,https://arcadia-tour.com/السياحة-في-أوزبكستان/,https://arcadia-tour.com/السياحة-في-أوزبكستان/أهم-المدن-السياحية-في-أوزبكستان/
internal_redirect,200,https://arcadia-tour.com/السياحة-في-بولندا-1/الدراسه-في-بولندا,1,https://arcadia-tour.com/السياحة-في-بولندا/,https://arcadia-tour.com/السياحة-في-بولندا/الدراسه-في-بولندا/
internal_redirect,200,https://arcadia-tour.com/السياحة-في-بولندا-1/الرحلات-الجماعية-بولندا,1,https://arcadia-tour.com/السياحة-في-بولندا/,https://arcadia-tour.com/السياحة-في-بولندا/الرحلات-الجماعية-بولندا/
internal_redirect,200,https://arcadia-tour.com/السياحة-في-بولندا-1/العروض-السياحيه-بولندا,1,https://arcadia-tour.com/السياحة-في-بولندا/,https://arcadia-tour.com/السياحة-في-بولندا/العروض-السياحيه-بولندا/
internal_redirect,200,https://arcadia-tour.com/السياحة-في-بولندا-1/الفيزا-او-التاشيره-الى-بولندا,1,https://arcadia-tour.com/السياحة-في-بولندا/,https://arcadia-tour.com/السياحة-في-بولندا/الفيزا-او-التاشيره-الى-بولندا/
internal_redirect,200,https://arcadia-tour.com/السياحة-في-بولندا-1/المدن-في-بولندا,1,https://arcadia-tour.com/السياحة-في-بولندا/,https://arcadia-tour.com/السياحة-في-بولندا/المدن-في-بولندا/
internal_redirect,200,https://arcadia-tour.com/السياحة-في-بولندا-1/برامج-سياحيه-في-بولندا,1,https://arcadia-tour.com/السياحة-في-بولندا/,https://arcadia-tour.com/السياحة-في-بولندا/برامج-سياحيه-في-بولندا/
internal_redirect,200,https://arcadia-tour.com/السياحة-في-بولندا-1/بولندا,1,https://arcadia-tour.com/السياحة-في-بولندا/,https://arcadia-tour.com/السياحة-في-بولندا/بولندا/
internal_redirect,200,https://arcadia-tour.com/السياحة-في-بولندا-1/حجوزات-الفنادق,1,https://arcadia-tour.com/السياحة-في-بولندا/,https://arcadia-tour.com/السياحة-في-بولندا/حجوزات-الفنادق/
internal_redirect,200,https://arcadia-tour.com/السياحة-في-بولندا-1/سياحة-الأكواخ-في-زاكوباني,1,https://arcadia-tour.com/السياحة-في-بولندا/,https://arcadia-tour.com/السياحة-في-بولندا/سياحة-الأكواخ-في-زاكوباني/
internal_redirect,200,https://arcadia-tour.com/السياحة-في-بولندا-1/شتاء-كراكوف-زاكوباني,1,https://arcadia-tour.com/السياحة-في-بولندا/,https://arcadia-tour.com/السياحة-في-بولندا/شتاء-كراكوف-زاكوباني/
internal_redirect,200,https://arcadia-tour.com/السياحة-في-روسيا,1,https://arcadia-tour.com/,https://arcadia-tour.com/السياحة-في-روسيا/
internal_redirect,200,https://arcadia-tour.com/السياحة-في-روسيا/russia-info,1,https://arcadia-tour.com/السياحة-في-روسيا/موسكو/,https://arcadia-tour.com/السياحة-في-روسيا/russia-info/
internal_redirect,200,https://arcadia-tour.com/السياحة-في-كازاخستان/السياحة-في-كازاخستان-في-الشتاء-مع-أجوا,1,https://arcadia-tour.com/السياحة-في-كازاخستان/,https://arcadia-tour.com/السياحة-في-كازاخستان/السياحة-في-كازاخستان-في-الشتاء-مع-أجوا/
internal_redirect,200,https://arcadia-tour.com/السياحة-في-كازاخستان/المدن-في-كازاخستان-تعرف-على-أهم-9-مدن-سي,1,https://arcadia-tour.com/السياحة-في-كازاخستان/,https://arcadia-tour.com/السياحة-في-كازاخستان/المدن-في-كازاخستان-تعرف-على-أهم-9-مدن-سي/
internal_redirect,200,https://arcadia-tour.com/السياحة-في-كازاخستان/تأشيرة-كازاخستان,1,https://arcadia-tour.com/السياحة-في-كازاخستان/,https://arcadia-tour.com/السياحة-في-كازاخستان/تأشيرة-كازاخستان/
internal_redirect,200,https://arcadia-tour.com/العروض-والحجوزات/,1,https://arcadia-tour.com/destinations/,https://arcadia-tour.com/offers-bookings/
internal_redirect,200,https://arcadia-tour.com/العروض-والحجوزات/برنامج-سياحي-في-روسيا-8-ايام-7-ليالي,1,https://arcadia-tour.com/السياحة-في-روسيا/,https://arcadia-tour.com/offers-bookings/
internal_redirect,200,https://arcadia-tour.com/العروض-والحجوزات/رحله-سياحيه-6-أيام-5-أيام-في-سان-بطرسبرج,1,https://arcadia-tour.com/السياحة-في-روسيا/,https://arcadia-tour.com/offers-bookings/
internal_redirect,200,https://arcadia-tour.com/العروض-والحجوزات/رحله-سياحيه-روسيا-6-أيام-موسكو-وسانت-بطرسبرغ,1,https://arcadia-tour.com/السياحة-في-روسيا/,https://arcadia-tour.com/offers-bookings/
internal_redirect,200,https://arcadia-tour.com/من-نحن,1,https://arcadia-tour.com/,https://arcadia-tour.com/من-نحن/
internal_redirect,200,https://www.arcadia-tour.com/السياحة-في-روسيا/المدن-في-روسيا,1,https://arcadia-tour.com/السياحة-في-روسيا/دليل-السياحة-في-روسيا/,https://arcadia-tour.com/السياحة-في-روسيا/المدن-في-روسيا/
external_broken,404,https://wa.me/<div class=,11,https://arcadia-tour.com/en/christmas-markets-in-warsaw-an-enchanting-journey-into-the-heart-of-poland/,
external_broken,ERR,https://visitalmaty.kz/what-to-visit/,4,https://arcadia-tour.com/السياحة-في-كازاخستان/المدن-في-كازاخستان-تعرف-على-أهم-9-مدن-سي/,
external_broken,ERR,https://vmp.gov.kz/en/,3,https://arcadia-tour.com/السياحة-في-كازاخستان/تأشيرة-كازاخستان/,
external_broken,ERR,https://arabic.rt.com/fifa2018/guide/saint-petersburg/about,2,https://arcadia-tour.com/السياحة-في-روسيا/دليل-السياحة-في-روسيا/,
external_broken,ERR,https://cosmosmuseum.info/memorialnij-budinok-muzej-akademik/,2,https://arcadia-tour.com/إلى-أين-تذهب-وماذا-ترى-في-جيتومير/,
external_broken,404,https://twitter.com/intent/tweet?source=https://arcadia-tour.com/المدونة/تكلفة-السياحة-في-روسيا-الميزانية-اليومية&text=دليل+عملي+لتكلفة+السياحة+في+روسيا:+الميزانية+اليومية+وأهم+المصاريف: https://arcad,2,https://arcadia-tour.com/تكلفة-السياحة-في-روسيا-الميزانية-اليو/,
external_broken,404,https://twitter.com/intent/tweet?source=https://arcadia-tour.com/المدونة/kiev-ukraine&text=السياحة+في+كييف+وأهم+معالمها: https://arcadia-tour.com/المدونة/kiev-ukraine,2,https://arcadia-tour.com/السياحة-في-أوكرانيا/السياحة-في-كييف-وأهم-معالمها/,
external_broken,404,https://wolt.com/pl/pol/warsaw/restaurant/turan-halal-restaurant,2,https://arcadia-tour.com/en/the-best-warsaw-restaurants-for-arabs-and-halal/,
external_broken,ERR,https://arabic.rt.com/russia/1652085-الحقائق-المثيرة-برج-أوستانكينو-موسكو/,1,https://arcadia-tour.com/السياحة-في-روسيا/موسكو/,
external_broken,ERR,https://english.www.gov.cn/news/202404/11/content_WS6617c858c6d0868f4e8e5f4d.html,1,https://arcadia-tour.com/essential-china-apps-wechat-alipay/,
external_broken,404,https://faras.tv/التقاليد-الفروسية-في-كازاخستان-و-دوره/,1,https://arcadia-tour.com/en/tourist-activities-in-kazakhstan/,
external_broken,ERR,https://transport.mos.ru/en,1,https://arcadia-tour.com/السياحة-في-موسكو-دليلك-الشامل-لزيارة-م/,
external_broken,ERR,https://transport.mos.ru/en/,1,https://arcadia-tour.com/en/tourism-in-moscow-your-comprehensive-guide-to-visiting-moscow/,
external_broken,404,https://twitter.com/intent/tweet?source=https://arcadia-tour.com/المدونة/أوزبكستان-جوهرة-آسيا-الوسطى-التي-تجمع-بين-التاريخ-العريق-والمستقبل-الواعد-في-2026&text=أوزبكستان:+جوهرة+آسيا+الوسطى+التي+تجمع+ب,1,https://arcadia-tour.com/en/uzbekistan-the-jewel-of-central-asia-that-combines-ancient-history-and-a-promisi/,
external_broken,404,https://twitter.com/intent/tweet?source=https://arcadia-tour.com/المدونة/السياحة-في-أوديسا-وأهم-معالمها-الجميله&text=السياحة+في+أوديسا+وأهم+معالمها+الجميله: https://arcadia-tour.com/المدونة/السياحة-في,1,https://arcadia-tour.com/en/tourism-in-odessa-and-its-most-important-beautiful-landmarks/,
external_broken,404,https://twitter.com/intent/tweet?source=https://arcadia-tour.com/المدونة/السياحة-في-بولندا-للعوائل&text=السياحة+في+بولندا+للعوائل:+أفضل+المدن+والأنشطة+وبرنامج+رحلة+عائلية+متكاملة: https://arcadia-tour,1,https://arcadia-tour.com/en/tourism-in-poland-for-families-the-best-cities-activities-and-a-comprehensive-fa/,
external_broken,404,https://twitter.com/intent/tweet?source=https://arcadia-tour.com/المدونة/رحلات-سياحية-عائلية-في-كازاخستان&text=أفضل+رحلات+سياحية+عائلية+في+كازاخستان+مع+برنامج+7+أيام+مقترح: https://arcadia-tour.com/ال,1,https://arcadia-tour.com/en/the-best-family-tourist-trips-in-kazakhstan-with-a-suggested-7-day-program/,
external_broken,404,https://twitter.com/intent/tweet?source=https://arcadia-tour.com/المدونة/سياحة-في-أوزبكستان-مع-شركة-أركاديا-السياحية-رحلات-2026-المميزة&text=سياحة+في+أوزبكستان+مع+شركة+أركاديا+السياحية+–+رحلات+2026+ال,1,https://arcadia-tour.com/en/tourism-in-uzbekistan-with-arcadia-tourism-company-distinctive-trips-2026/,
external_broken,404,https://twitter.com/intent/tweet?source=https://arcadia-tour.com/المدونة/مهرجانات-أوزبكستان-2026-أبرز-الفعاليات-الثقافية-والسياحية-مع-شركة-أركاديا-السياحية&text=مهرجانات+أوزبكستان+2026:+أبرز+الفعاليات,1,https://arcadia-tour.com/en/uzbekistan-festivals-2026-the-most-prominent-cultural-and-tourism-events-with-ar/,
external_broken,ERR,"https://wa.me/77064007561?text=مرحباً أركاديا، أريد رحلة شتوية إلى كازاخستان.
تاريخ السفر: 
عدد المسافرين: 
أعمار الأطفال: 
عدد الليالي: ",1,https://arcadia-tour.com/winter-tourism-kazakhstan/,
external_broken,ERR,https://www.hermitagemuseum.org/,1,https://arcadia-tour.com/دليل-السياحة-في-روسيا-المسافرون-العرب/,
external_broken,500,https://www.intercity.pl/en/,1,https://arcadia-tour.com/10-أسباب-لاختيار-بولندا-كوجهة-سياحية-مع/,
external_broken,404,https://www.kreml.ru/en-Us/museums-moscow-kremlin/,1,https://arcadia-tour.com/دليل-السياحة-في-روسيا-المسافرون-العرب/,
external_broken,ERR,https://www.mos.cudzoziemcy.gov.pl/en/categories-information/visas-movement-free/visas/,1,https://arcadia-tour.com/السياحة-في-بولندا/الفيزا-او-التاشيره-الى-بولندا/,
external_broken,ERR,https://www.visit-petersburg.ru/en/,1,https://arcadia-tour.com/white-nights-russia/,
external_broken,ERR,https://www.visit-petersburg.ru/en/route/vodnyy-marshrut-sankt-peterburg-petergof/,1,https://arcadia-tour.com/السياحة-في-سانت-بطرسبرغ-دليلك-لاكتشاف/,
